[
  {
    "id": 1,
    "name": "Station41 Power (Weather 15m)",
    "filename": "station41_power_dataset.csv",
    "description": "Station 41 15-min wind power with weather features (filtered sentinel/outliers).",
    "row_count": 565,
    "column_count": 10,
    "columns": [
      "timestamp",
      "actual_power",
      "temperature",
      "humidity",
      "pressure",
      "ws_10",
      "ws_30",
      "ws_50",
      "ws_70",
      "ws_hub"
    ],
    "encoding": "utf-8",
    "is_public": true
  }
]