[
  {
    "id": 1,
    "name": "LSTM (high)",
    "dataset_id": 1,
    "configuration_id": 1,
    "filename": "station41_result_LSTM_v1.0_high.csv",
    "row_count": 565,
    "algo_name": "LSTM",
    "algo_version": "1.0",
    "description": "Simulated result for platform demo import.",
    "metrics": {
      "mse": 68.36446782197328,
      "rmse": 8.268280826264506,
      "mae": 6.512160245100013,
      "r2": 0.9261652072888622,
      "mape": 79.26256879989614
    }
  },
  {
    "id": 2,
    "name": "Transformer (medium)",
    "dataset_id": 1,
    "configuration_id": 1,
    "filename": "station41_result_Transformer_v1.0_medium.csv",
    "row_count": 565,
    "algo_name": "Transformer",
    "algo_version": "1.0",
    "description": "Simulated result for platform demo import.",
    "metrics": {
      "mse": 266.68090947772845,
      "rmse": 16.33036770797671,
      "mae": 12.190168955367824,
      "r2": 0.7119800636409397,
      "mape": 118.48769838331043
    }
  },
  {
    "id": 3,
    "name": "TCN (low)",
    "dataset_id": 1,
    "configuration_id": 1,
    "filename": "station41_result_TCN_v1.0_low.csv",
    "row_count": 565,
    "algo_name": "TCN",
    "algo_version": "1.0",
    "description": "Simulated result for platform demo import.",
    "metrics": {
      "mse": 611.5313070185307,
      "rmse": 24.729159043900598,
      "mae": 18.911711355785368,
      "r2": 0.3395357452695362,
      "mape": 156.74227386282269
    }
  }
]